,01,02,03,04,05,019,032,036,037,038,0250,P3,P4,P42,P45,P75,1,13,18,22,33,69,79,343,362,372,Es
1:1,-1,0,0,0,0,-1,-1,-1,-1,-1,-1,-1,-1,-1,-1,-1,0,0,0,0,0,0,-1,0,-1,0,0
1:2,-1,0,0,0,0,-1,-1,-1,-1,-1,-1,-1,-1,-1,-1,-1,0,0,0,0,1,0,-1,0,-1,0,0
1:3,-1,0,0,0,0,-1,-1,-1,-1,-1,-1,-1,-1,-1,-1,-1,0,0,0,0,0,0,-1,0,-1,0,0
1:4,-1,1,0,1,0,-1,-1,-1,-1,-1,-1,-1,-1,-1,-1,-1,0,0,0,0,0,1,-1,0,-1,0,0
1:5,-1,0,0,0,1,-1,-1,-1,-1,-1,-1,-1,-1,-1,-1,-1,0,0,0,0,0,0,-1,0,-1,0,0
1:6,-1,0,1,1,0,-1,-1,-1,-1,-1,-1,-1,-1,-1,-1,-1,0,0,0,1,0,0,-1,1,-1,0,0
1:7,-1,0,0,0,0,-1,-1,-1,-1,-1,-1,-1,-1,-1,-1,-1,0,0,0,0,0,1,-1,0,-1,0,0
1:8,-1,1,1,1,1,-1,-1,-1,-1,-1,-1,-1,-1,-1,-1,-1,0,0,0,0,0,0,-1,0,-1,1,0
1:9,-1,0,0,1,0,-1,-1,-1,-1,-1,-1,-1,-1,-1,-1,-1,0,0,0,0,0,0,-1,0,-1,0,0
1:10,-1,0,0,0,0,-1,-1,-1,-1,-1,-1,-1,-1,-1,-1,-1,0,1,0,0,0,1,-1,0,-1,0,0
1:11,-1,0,0,0,0,-1,-1,-1,-1,-1,-1,-1,-1,-1,-1,-1,1,0,0,1,0,0,-1,0,-1,1,0
1:12,-1,1,0,0,0,-1,-1,-1,-1,-1,-1,-1,-1,-1,-1,-1,0,0,0,0,0,0,-1,0,-1,0,0
1:13,-1,0,0,0,0,-1,-1,-1,-1,-1,-1,-1,-1,-1,-1,-1,0,0,0,0,0,0,-1,0,-1,0,0
1:14,-1,1,1,0,0,-1,-1,-1,-1,-1,-1,-1,-1,-1,-1,-1,0,0,0,0,0,0,-1,0,-1,1,0
1:15,-1,0,0,0,0,-1,-1,-1,-1,-1,-1,-1,-1,-1,-1,-1,0,0,0,0,0,0,-1,0,-1,0,0
1:16,-1,0,0,0,1,-1,-1,-1,-1,-1,-1,-1,-1,-1,-1,-1,0,0,0,0,0,0,-1,0,-1,0,0
1:17,-1,0,0,0,0,-1,-1,-1,-1,-1,-1,-1,-1,-1,-1,-1,0,0,0,0,0,0,-1,0,-1,0,0
1:18,-1,0,0,0,1,-1,-1,-1,-1,-1,-1,-1,-1,-1,-1,-1,0,1,0,0,0,1,-1,0,-1,0,0
1:19,-1,0,0,0,1,-1,-1,-1,-1,-1,-1,-1,-1,-1,-1,-1,0,0,0,0,0,0,-1,0,-1,0,0
1:20,-1,0,1,0,0,-1,-1,-1,-1,-1,-1,-1,-1,-1,-1,-1,1,1,0,0,0,1,-1,0,-1,1,0
1:21,-1,0,0,0,0,-1,-1,-1,-1,-1,-1,-1,-1,-1,-1,-1,0,0,0,0,0,1,-1,0,-1,0,0
1:22,-1,0,0,0,0,-1,-1,-1,-1,-1,-1,-1,-1,-1,-1,-1,1,0,0,0,0,1,-1,0,-1,0,0
1:23,-1,0,0,1,0,-1,-1,-1,-1,-1,-1,-1,-1,-1,-1,-1,1,0,0,0,0,0,-1,0,-1,0,0
1:24,-1,0,1,1,1,-1,-1,-1,-1,-1,-1,-1,-1,-1,-1,-1,1,0,0,0,0,0,-1,0,-1,0,0
1:25,-1,0,1,0,0,-1,-1,-1,-1,-1,-1,-1,-1,-1,-1,-1,1,0,0,0,0,0,-1,0,-1,0,0
1:26,-1,0,1,0,1,-1,-1,-1,-1,-1,-1,-1,-1,-1,-1,-1,1,0,0,0,0,0,-1,0,-1,0,0
1:27,-1,0,0,0,1,-1,-1,-1,-1,-1,-1,-1,-1,-1,-1,-1,0,0,0,0,0,1,-1,0,-1,0,0
1:28,-1,0,1,1,0,-1,-1,-1,-1,-1,-1,-1,-1,-1,-1,-1,1,0,0,1,1,1,-1,0,-1,0,0
1:29,-1,0,0,1,0,-1,-1,-1,-1,-1,-1,-1,-1,-1,-1,-1,1,0,0,0,0,0,-1,0,-1,0,0
1:30,-1,1,0,0,0,-1,-1,-1,-1,-1,-1,-1,-1,-1,-1,-1,0,0,0,0,0,0,-1,0,-1,0,0
1:31,-1,1,0,0,0,-1,-1,-1,-1,-1,-1,-1,-1,-1,-1,-1,0,1,0,0,0,0,-1,0,-1,0,0
1:32,-1,0,0,1,0,-1,-1,-1,-1,-1,-1,-1,-1,-1,-1,-1,1,1,0,0,0,0,-1,0,-1,0,0
1:33,-1,0,0,1,0,-1,-1,-1,-1,-1,-1,-1,-1,-1,-1,-1,0,0,0,0,1,1,-1,0,-1,0,0
1:34,-1,1,0,1,0,-1,-1,-1,-1,-1,-1,-1,-1,-1,-1,-1,0,0,1,1,0,0,-1,1,-1,0,0
1:35,-1,0,0,0,0,-1,-1,-1,-1,-1,-1,-1,-1,-1,-1,-1,0,1,0,0,0,0,-1,0,-1,0,0
1:36,-1,0,0,0,0,-1,-1,-1,-1,-1,-1,-1,-1,-1,-1,-1,1,0,0,0,0,1,-1,0,-1,0,0
1:37,-1,0,0,1,0,-1,-1,-1,-1,-1,-1,-1,-1,0,-1,-1,1,1,1,0,0,0,-1,0,-1,0,0
1:38,-1,0,0,0,0,-1,-1,-1,-1,-1,-1,-1,-1,-1,-1,-1,0,0,0,0,0,1,-1,0,-1,0,0
1:39,-1,0,0,1,1,-1,-1,-1,-1,-1,-1,-1,1,-1,-1,-1,0,0,0,0,1,0,-1,0,-1,0,0
1:40,-1,0,0,0,0,-1,-1,-1,-1,-1,-1,-1,-1,-1,-1,-1,1,0,0,1,0,0,-1,0,-1,0,0
1:41,-1,0,1,0,0,-1,-1,-1,-1,-1,-1,-1,-1,-1,-1,-1,0,0,0,0,0,0,-1,0,-1,1,0
1:42,-1,0,1,1,1,-1,-1,-1,-1,-1,-1,-1,0,-1,-1,-1,0,1,0,0,1,1,-1,1,-1,0,0
1:43,-1,0,0,0,0,-1,-1,-1,-1,-1,-1,-1,0,-1,-1,-1,1,0,1,1,0,0,-1,0,-1,0,0
1:44,-1,1,0,0,0,-1,-1,-1,-1,-1,-1,-1,0,-1,-1,-1,0,0,0,0,0,0,-1,0,-1,0,0
1:45,-1,0,0,0,0,-1,-1,-1,-1,-1,-1,-1,0,-1,-1,-1,0,0,0,0,0,0,-1,0,-1,0,0
1:46,-1,1,1,1,1,-1,-1,-1,-1,-1,-1,-1,0,-1,-1,-1,1,1,1,1,1,1,-1,1,-1,1,1
1:47,-1,0,0,1,0,-1,-1,-1,-1,-1,-1,-1,0,-1,-1,-1,0,0,0,0,1,0,-1,0,-1,0,0
1:48,-1,0,1,1,1,-1,-1,-1,-1,-1,-1,-1,1,-1,-1,-1,1,1,0,1,1,1,-1,0,-1,0,1
1:49,-1,0,1,0,1,-1,-1,-1,-1,-1,-1,-1,0,-1,-1,-1,0,1,0,0,1,1,-1,0,-1,0,1
1:50,-1,0,1,0,1,-1,-1,-1,-1,-1,-1,-1,-1,-1,-1,-1,0,1,0,0,1,1,-1,0,-1,0,1
1:51,-1,0,1,1,0,-1,-1,-1,-1,-1,-1,-1,-1,-1,-1,-1,1,1,1,1,1,1,-1,1,-1,1,1
1:52,-1,0,0,0,0,-1,-1,-1,-1,-1,-1,-1,0,-1,-1,-1,0,0,0,0,0,0,-1,0,-1,0,0
1:53,-1,1,0,0,0,-1,-1,-1,-1,-1,-1,-1,0,-1,-1,-1,1,0,0,1,0,0,-1,0,-1,0,0
1:54,-1,0,0,0,0,-1,-1,-1,-1,-1,-1,-1,0,-1,-1,-1,0,0,0,0,0,0,-1,0,-1,0,0
10:1,-1,0,1,0,0,-1,-1,-1,-1,-1,-1,-1,-1,-1,0,0,0,1,0,0,0,1,-1,0,0,0,0
10:2,-1,0,0,0,0,-1,-1,-1,-1,-1,-1,-1,-1,-1,0,0,1,0,0,0,0,0,-1,1,0,0,0
10:3,-1,1,1,1,0,-1,-1,-1,-1,-1,-1,-1,-1,-1,0,1,0,1,0,1,1,1,-1,1,0,1,0
10:4,-1,0,0,0,0,-1,-1,-1,-1,-1,-1,-1,-1,-1,0,0,0,0,0,0,0,1,-1,0,0,0,0
10:5,-1,1,0,0,0,-1,-1,-1,-1,-1,-1,-1,-1,-1,0,0,1,0,0,0,0,0,-1,0,0,0,0
10:6,-1,0,0,0,0,-1,-1,-1,-1,-1,-1,-1,-1,-1,-1,0,1,0,0,0,0,0,-1,0,0,0,0
10:7,-1,0,0,0,0,-1,-1,-1,-1,-1,-1,-1,-1,-1,-1,0,1,0,0,0,0,0,-1,0,0,0,0
10:8,-1,0,0,0,0,-1,-1,-1,-1,-1,-1,-1,-1,-1,-1,0,0,0,0,0,0,0,-1,0,0,0,0
10:9,-1,1,0,0,0,-1,-1,-1,-1,-1,-1,-1,-1,-1,-1,0,0,0,0,0,0,0,-1,0,0,0,0
10:10,-1,0,0,0,0,-1,-1,-1,-1,-1,-1,-1,-1,-1,-1,0,0,0,0,0,0,1,-1,0,0,0,0
10:11,-1,0,0,0,0,-1,-1,-1,-1,-1,-1,-1,-1,-1,-1,0,0,0,0,0,0,0,-1,0,0,0,0
10:12,-1,0,0,0,0,-1,-1,-1,-1,-1,-1,-1,-1,-1,-1,0,0,0,0,0,0,1,-1,0,0,0,0
10:13,-1,0,1,1,1,-1,-1,-1,-1,-1,-1,-1,-1,-1,-1,1,0,1,0,0,1,1,-1,0,0,1,0
10:14,-1,0,0,0,0,-1,-1,-1,-1,-1,-1,-1,-1,-1,-1,0,0,1,0,0,0,1,-1,0,0,0,0
10:15,-1,1,1,1,0,-1,-1,-1,-1,-1,-1,-1,-1,-1,1,1,1,1,0,1,1,1,-1,1,1,0,0
10:16,-1,0,0,0,0,-1,-1,-1,-1,-1,-1,-1,-1,-1,0,0,0,1,0,0,0,1,-1,0,0,0,0
10:17,-1,1,0,1,1,-1,-1,-1,-1,-1,-1,-1,-1,-1,0,1,1,1,1,1,1,1,-1,1,1,1,1
10:18,-1,1,1,1,1,-1,-1,-1,-1,-1,-1,-1,-1,-1,0,1,1,1,1,1,1,1,-1,1,1,1,1
10:19,-1,0,0,0,0,-1,-1,-1,-1,-1,-1,-1,-1,-1,0,0,0,0,0,0,0,0,-1,0,0,0,0
10:20,-1,0,1,1,1,-1,-1,-1,-1,-1,-1,-1,-1,-1,0,0,1,1,0,0,1,1,-1,0,0,0,0
10:21,-1,1,1,1,0,-1,-1,-1,-1,-1,-1,-1,-1,-1,0,0,1,1,1,1,1,1,-1,1,1,1,1
10:22,-1,1,1,1,1,-1,-1,-1,-1,-1,-1,-1,-1,-1,1,1,1,1,0,1,1,1,-1,1,0,0,0
10:23,-1,1,1,1,0,-1,-1,-1,-1,-1,-1,-1,-1,-1,1,0,1,1,1,0,1,1,-1,1,0,0,0
10:24,-1,1,0,0,0,-1,-1,-1,-1,-1,-1,-1,-1,-1,0,0,0,0,0,0,0,1,-1,0,0,0,0
10:25,-1,0,0,0,0,-1,-1,-1,-1,-1,-1,-1,-1,-1,1,0,1,1,0,0,0,0,-1,1,0,0,0
10:26,-1,0,0,0,1,-1,-1,-1,-1,-1,-1,-1,-1,-1,0,0,0,0,0,0,1,1,-1,0,0,0,0
10:27,-1,0,0,0,0,-1,-1,-1,-1,-1,-1,-1,-1,-1,0,0,0,0,0,0,0,0,-1,0,0,0,0
10:28,-1,0,0,0,0,-1,-1,-1,-1,-1,-1,-1,-1,-1,0,0,0,1,0,0,0,1,-1,0,0,0,0
10:29,-1,0,0,0,0,-1,-1,-1,-1,-1,-1,-1,-1,-1,0,0,0,0,0,0,0,0,-1,0,0,0,0
10:30,-1,1,0,0,0,-1,-1,-1,-1,-1,-1,-1,-1,-1,0,0,0,0,0,0,0,0,-1,0,0,0,0
10:31,-1,0,0,0,0,-1,-1,-1,-1,-1,-1,-1,-1,-1,0,0,0,1,0,0,0,0,-1,0,0,0,0
10:32,-1,1,0,0,0,-1,-1,-1,-1,-1,-1,-1,-1,-1,0,0,0,0,0,0,0,0,-1,0,0,0,0
10:33,-1,0,0,0,0,-1,-1,-1,-1,-1,-1,-1,-1,-1,0,0,0,0,0,0,0,0,-1,0,0,0,0
10:34,-1,0,0,0,0,-1,-1,-1,-1,-1,-1,-1,-1,-1,0,0,1,0,0,0,0,0,-1,0,0,0,0
10:35,-1,0,0,0,1,-1,-1,-1,-1,-1,-1,-1,-1,-1,0,0,0,0,0,0,0,0,-1,1,0,0,0
10:36,-1,0,0,0,0,-1,-1,-1,-1,-1,-1,-1,-1,-1,0,0,0,0,0,0,0,0,-1,0,0,0,0
10:37,-1,1,1,0,1,-1,-1,-1,-1,-1,-1,-1,-1,-1,1,0,1,1,0,1,1,1,-1,1,0,1,1
10:38,-1,0,0,0,0,-1,-1,-1,-1,-1,-1,-1,-1,-1,0,0,0,0,0,0,0,0,-1,0,0,0,0
10:39,-1,1,1,1,0,-1,-1,-1,-1,-1,-1,-1,-1,-1,1,1,1,1,1,1,1,1,-1,1,1,0,0
10:40,-1,0,0,0,1,-1,-1,-1,-1,-1,-1,-1,-1,-1,-1,0,1,0,0,0,0,0,-1,0,0,0,0
10:41,-1,0,0,0,0,-1,-1,-1,-1,-1,-1,-1,-1,-1,-1,1,0,0,0,0,0,0,-1,0,0,0,0
10:42,-1,0,0,0,0,-1,-1,-1,-1,-1,-1,-1,-1,-1,0,0,0,0,0,0,0,1,-1,0,0,0,0
10:43,-1,0,0,0,0,-1,-1,-1,-1,-1,-1,-1,-1,-1,0,0,0,0,0,0,0,0,-1,0,0,0,0
10:44,-1,0,0,0,0,-1,-1,-1,-1,-1,-1,-1,-1,-1,0,0,1,0,0,0,0,0,-1,0,0,0,0
10:45,-1,0,0,0,1,-1,-1,-1,-1,-1,-1,-1,-1,-1,1,1,1,0,0,1,0,1,-1,0,0,1,0
10:46,-1,1,1,0,0,-1,-1,-1,-1,-1,-1,-1,-1,-1,1,1,1,0,0,0,1,0,-1,0,0,1,0
10:47,-1,1,0,0,1,-1,-1,-1,-1,-1,-1,-1,-1,-1,1,0,0,1,0,0,0,0,-1,0,0,0,0
10:48,-1,1,0,0,1,-1,-1,-1,-1,-1,-1,-1,-1,-1,0,0,0,0,0,0,0,0,-1,1,0,0,0
10:49,-1,0,1,0,0,-1,-1,-1,-1,-1,-1,-1,-1,-1,1,1,1,0,0,0,1,0,-1,0,0,0,0
10:50,-1,0,0,0,0,-1,-1,-1,-1,-1,-1,-1,-1,-1,0,1,0,0,0,0,0,0,-1,0,0,0,0
10:51,-1,1,1,1,1,-1,-1,-1,-1,-1,-1,-1,-1,-1,0,1,1,1,1,1,1,1,-1,1,1,1,1
10:52,-1,0,1,0,1,-1,-1,-1,-1,-1,-1,-1,-1,-1,0,1,1,0,0,0,1,0,-1,0,0,1,0
10:53,-1,0,0,0,0,-1,-1,-1,-1,-1,-1,-1,-1,-1,0,0,0,0,0,0,0,0,-1,0,0,0,0
10:54,-1,0,0,0,0,-1,-1,-1,-1,-1,-1,-1,-1,-1,0,0,1,0,0,0,0,0,-1,0,0,0,0
10:55,-1,0,0,0,0,-1,-1,-1,-1,-1,-1,-1,-1,-1,0,0,1,0,0,0,0,1,-1,0,0,0,0
10:56,-1,0,1,0,0,-1,-1,-1,-1,-1,-1,-1,-1,-1,1,1,1,0,0,0,0,0,-1,0,0,1,0
10:57,-1,1,1,1,0,-1,-1,-1,-1,-1,-1,-1,-1,-1,0,1,0,0,1,1,0,1,-1,0,1,0,0
10:58,-1,0,1,0,1,-1,-1,-1,-1,-1,-1,-1,-1,-1,1,1,1,1,0,0,1,1,-1,1,0,0,0
10:59,-1,0,0,0,1,-1,-1,-1,-1,-1,-1,0,-1,-1,0,0,1,0,0,0,0,0,-1,0,0,0,0
10:60,-1,0,0,0,0,-1,-1,-1,-1,-1,-1,0,-1,-1,0,0,0,0,1,0,0,0,-1,0,1,0,0
10:61,-1,0,0,0,0,-1,-1,-1,-1,-1,-1,0,-1,-1,0,0,0,0,0,0,0,0,-1,0,0,0,0
10:62,-1,0,0,0,0,-1,-1,-1,-1,-1,-1,0,-1,-1,0,0,1,0,0,0,0,0,-1,0,1,0,0
10:63,-1,0,0,0,0,-1,-1,-1,-1,-1,-1,0,-1,-1,0,0,0,0,0,0,0,0,-1,0,0,0,0
10:64,-1,0,1,0,0,-1,-1,-1,-1,-1,-1,0,-1,-1,1,1,1,0,0,0,1,1,-1,0,0,0,0
20:1,-1,0,1,1,1,-1,-1,-1,-1,-1,-1,-1,-1,-1,-1,-1,1,0,0,0,0,0,-1,0,-1,0,0
20:2,-1,0,0,0,0,-1,-1,-1,-1,-1,-1,-1,-1,-1,-1,-1,0,0,0,1,0,0,-1,0,-1,0,0
20:3,-1,0,0,0,0,-1,-1,-1,-1,-1,-1,-1,-1,-1,-1,-1,0,0,0,0,0,1,-1,0,-1,0,0
20:4,-1,1,0,0,0,-1,-1,-1,-1,-1,-1,-1,-1,-1,-1,-1,0,0,1,1,0,0,-1,1,-1,0,0
20:5,-1,0,0,0,0,-1,-1,-1,-1,-1,-1,-1,-1,-1,-1,-1,0,0,0,0,0,0,-1,0,-1,0,0
20:6,-1,0,0,0,0,-1,-1,-1,-1,-1,-1,-1,-1,-1,-1,-1,0,0,0,0,0,0,-1,0,-1,0,0
20:7,-1,1,0,1,1,-1,-1,-1,-1,-1,-1,-1,-1,-1,-1,-1,1,0,1,1,1,0,-1,1,-1,1,1
20:8,-1,0,0,0,0,-1,-1,-1,-1,-1,-1,-1,-1,-1,-1,-1,0,0,0,0,0,0,-1,0,-1,0,0
20:9,-1,0,0,0,0,-1,-1,-1,-1,-1,-1,-1,-1,-1,-1,-1,0,0,0,0,0,0,-1,0,-1,0,0
20:10,-1,0,1,0,0,-1,-1,-1,-1,-1,-1,-1,-1,-1,-1,-1,1,0,0,0,1,1,-1,0,-1,0,0
20:11,-1,0,0,0,0,-1,-1,-1,-1,-1,-1,-1,-1,-1,-1,-1,1,0,0,0,0,0,-1,0,-1,0,0
20:12,-1,0,1,1,0,-1,-1,-1,-1,-1,-1,-1,-1,-1,-1,-1,0,0,0,0,0,0,-1,0,-1,0,0
20:13,-1,0,1,0,0,-1,-1,-1,-1,-1,-1,-1,-1,-1,-1,-1,0,1,1,1,0,0,-1,0,-1,0,0
20:14,-1,0,1,0,1,-1,-1,-1,-1,-1,-1,-1,-1,-1,-1,-1,1,0,0,0,1,0,-1,0,-1,0,0
20:15,-1,0,0,0,1,-1,-1,-1,-1,-1,-1,-1,-1,-1,-1,-1,0,1,0,0,0,1,-1,0,-1,0,0
20:16,-1,0,0,0,0,-1,-1,-1,-1,-1,-1,-1,-1,-1,-1,-1,0,0,0,0,0,1,-1,0,-1,0,0
20:17,-1,0,0,0,0,-1,-1,-1,-1,-1,-1,-1,-1,-1,-1,-1,0,0,0,0,0,0,-1,0,-1,0,0
20:18,-1,0,0,0,0,-1,-1,-1,-1,-1,-1,-1,-1,-1,-1,-1,0,0,0,0,0,0,-1,0,-1,0,0
20:19,-1,0,1,1,1,-1,-1,-1,-1,-1,-1,-1,-1,-1,-1,-1,1,0,1,1,1,0,-1,1,-1,0,0
20:20,-1,0,0,0,0,-1,-1,-1,-1,-1,-1,-1,-1,-1,-1,-1,1,0,0,0,0,0,-1,0,-1,0,0
20:21,-1,0,0,1,0,-1,-1,-1,-1,-1,-1,-1,-1,-1,-1,-1,0,0,0,0,0,0,-1,0,-1,0,0
20:22,-1,0,0,0,0,-1,-1,-1,-1,-1,-1,-1,-1,-1,-1,-1,0,0,0,0,0,0,-1,0,-1,0,0
20:23,-1,0,0,0,0,-1,-1,-1,-1,-1,-1,-1,-1,-1,-1,-1,0,0,0,0,0,0,-1,0,-1,0,0
20:24,-1,1,0,0,0,-1,-1,-1,-1,-1,-1,-1,-1,-1,-1,-1,0,0,0,0,0,0,-1,0,-1,0,0
20:25,-1,0,0,1,1,-1,-1,-1,-1,-1,-1,-1,-1,-1,-1,-1,1,0,0,1,1,0,-1,0,-1,0,0
20:26,-1,1,0,0,0,-1,-1,-1,-1,-1,-1,-1,-1,-1,-1,-1,0,0,0,0,0,0,-1,0,-1,0,0
20:27,-1,0,1,0,1,-1,-1,-1,-1,-1,-1,-1,-1,-1,-1,-1,1,0,0,0,1,0,-1,0,-1,0,0
20:28,-1,0,0,0,0,-1,-1,-1,-1,-1,-1,-1,-1,-1,-1,-1,0,1,0,0,0,0,-1,0,-1,0,0
20:29,-1,0,0,1,0,-1,-1,-1,-1,-1,-1,-1,-1,-1,-1,-1,1,0,0,0,0,0,-1,0,-1,0,0
20:30,-1,0,0,0,0,-1,-1,-1,-1,-1,-1,-1,-1,-1,-1,-1,0,0,0,0,0,0,-1,0,-1,0,0
20:31,-1,0,0,0,0,-1,-1,-1,-1,-1,-1,-1,-1,-1,-1,-1,1,0,0,0,0,1,-1,0,-1,0,0
20:32,-1,0,0,0,0,-1,-1,-1,-1,-1,-1,-1,-1,-1,-1,-1,0,0,0,0,0,0,-1,0,-1,0,0
20:33,-1,1,1,0,0,-1,-1,-1,-1,-1,-1,-1,-1,-1,-1,-1,1,0,0,0,1,0,-1,0,-1,0,0
20:34,-1,0,0,0,0,-1,-1,-1,-1,-1,-1,-1,-1,-1,-1,-1,0,0,0,0,0,0,-1,0,-1,0,0
20:35,-1,0,0,0,0,-1,-1,-1,-1,-1,-1,-1,-1,-1,-1,-1,0,0,1,1,0,0,-1,0,-1,0,0
20:36,-1,0,0,0,0,-1,-1,-1,-1,-1,-1,-1,-1,-1,-1,-1,0,0,0,1,0,0,-1,0,-1,0,0
20:37,-1,0,0,0,0,-1,-1,-1,-1,-1,-1,-1,-1,-1,-1,-1,0,0,0,0,0,1,-1,0,-1,0,0
20:38,-1,1,1,0,0,-1,-1,-1,-1,-1,-1,-1,-1,-1,-1,-1,0,1,0,0,1,1,-1,0,-1,1,0
20:39,-1,0,0,0,0,-1,-1,-1,-1,-1,-1,-1,-1,-1,-1,-1,0,0,0,0,0,0,-1,0,-1,0,0
20:40,-1,0,0,0,0,-1,-1,-1,-1,-1,-1,-1,-1,-1,-1,-1,0,0,0,0,0,0,-1,0,-1,0,0
20:41,-1,1,1,1,1,-1,-1,-1,-1,-1,-1,-1,-1,-1,-1,-1,1,1,1,1,1,1,-1,1,-1,1,1
20:42,-1,0,1,0,1,-1,-1,-1,-1,-1,-1,-1,-1,-1,-1,-1,0,1,0,0,1,0,-1,0,-1,0,0
20:43,-1,0,0,0,0,-1,-1,-1,-1,-1,-1,-1,-1,-1,-1,-1,0,0,0,1,1,1,-1,0,-1,0,0
20:44,-1,0,0,0,0,-1,-1,-1,-1,-1,-1,-1,-1,-1,-1,-1,0,0,0,0,0,0,-1,0,-1,0,0
20:45,-1,0,1,0,0,-1,-1,-1,-1,-1,-1,-1,-1,-1,-1,-1,1,1,0,0,0,1,-1,0,-1,0,0
20:46,-1,0,1,0,0,-1,-1,-1,-1,-1,-1,-1,-1,-1,-1,-1,0,0,0,0,0,1,-1,0,-1,0,0
20:47,-1,0,0,1,1,-1,-1,-1,-1,-1,-1,-1,-1,-1,-1,-1,0,1,0,0,0,0,-1,0,-1,0,0
20:48,-1,0,0,0,1,-1,-1,-1,-1,-1,-1,-1,-1,-1,-1,-1,1,0,0,1,1,0,-1,0,-1,1,0
20:49,-1,0,0,0,0,-1,-1,-1,-1,-1,-1,-1,-1,-1,-1,-1,0,0,0,0,0,1,-1,0,-1,0,0
20:50,-1,0,0,-1,1,-1,-1,-1,-1,-1,-1,-1,-1,-1,-1,-1,0,1,0,0,1,0,-1,0,-1,0,0
20:51,-1,0,1,-1,0,-1,-1,-1,-1,-1,-1,-1,-1,-1,-1,-1,0,0,0,0,0,0,-1,0,-1,0,0
20:52,-1,1,1,-1,1,-1,-1,-1,-1,-1,-1,-1,-1,-1,-1,-1,1,1,1,1,1,1,-1,1,-1,1,1
20:53,-1,0,0,-1,0,-1,-1,-1,-1,-1,-1,-1,-1,-1,-1,-1,0,0,0,0,0,0,-1,0,-1,0,0
20:54,-1,0,0,-1,0,-1,-1,-1,-1,-1,-1,-1,-1,-1,-1,-1,0,0,0,0,0,0,-1,0,-1,0,0
20:55,-1,1,1,-1,1,-1,-1,-1,-1,-1,-1,-1,-1,-1,-1,-1,0,0,1,1,1,0,-1,0,-1,1,1
20:56,-1,0,1,-1,0,-1,-1,-1,-1,-1,-1,-1,-1,-1,-1,-1,1,0,0,0,0,0,-1,0,-1,0,0
20:57,-1,0,0,-1,0,-1,-1,-1,-1,-1,-1,-1,-1,-1,-1,-1,0,1,0,0,0,1,-1,0,-1,0,0
20:58,-1,0,0,-1,0,-1,-1,-1,-1,-1,-1,-1,-1,-1,-1,-1,1,0,0,0,0,0,-1,1,-1,0,0
20:59,-1,0,0,-1,0,-1,-1,-1,-1,-1,-1,-1,-1,-1,-1,-1,1,0,0,0,0,0,-1,0,-1,0,0
20:60,-1,0,0,-1,1,-1,-1,-1,-1,-1,-1,-1,-1,-1,-1,-1,1,0,0,1,1,0,-1,0,-1,0,0
20:61,-1,0,0,-1,0,-1,-1,-1,-1,-1,-1,-1,-1,-1,-1,-1,0,0,0,0,0,0,-1,1,-1,0,0
20:62,-1,0,0,-1,0,-1,-1,-1,-1,-1,-1,-1,-1,-1,-1,-1,0,1,1,0,0,1,-1,0,-1,0,0
20:63,-1,0,0,-1,0,-1,-1,-1,-1,-1,-1,-1,-1,-1,-1,-1,1,0,0,0,0,0,-1,0,-1,0,0
20:64,-1,0,0,-1,0,-1,-1,-1,-1,-1,-1,-1,-1,-1,-1,-1,0,0,0,0,0,0,-1,0,-1,0,0
20:65,-1,0,0,-1,1,-1,-1,-1,-1,-1,-1,-1,-1,-1,-1,-1,0,0,1,1,1,0,-1,0,-1,0,0
20:66,-1,0,0,-1,0,-1,-1,-1,-1,-1,-1,-1,-1,-1,-1,-1,1,0,0,0,0,0,-1,0,-1,0,0
20:67,-1,0,0,-1,0,-1,-1,-1,-1,-1,-1,-1,-1,-1,-1,-1,1,0,0,0,0,0,-1,0,-1,0,0
20:68,-1,0,0,-1,0,-1,-1,-1,-1,-1,-1,-1,-1,-1,-1,-1,1,0,0,0,0,0,-1,1,-1,0,0
20:69,-1,0,0,-1,0,-1,-1,-1,-1,-1,-1,-1,-1,-1,-1,-1,1,0,0,0,0,0,-1,0,-1,0,0
20:70,-1,0,0,-1,0,-1,-1,-1,-1,-1,-1,-1,-1,-1,-1,-1,0,0,0,0,0,0,-1,0,-1,0,0
20:71,-1,0,0,-1,0,-1,-1,-1,-1,-1,-1,-1,-1,-1,-1,-1,0,0,0,0,0,0,-1,0,-1,0,0
20:72,-1,0,1,-1,0,-1,-1,-1,-1,-1,-1,-1,-1,-1,-1,-1,1,0,0,0,1,0,-1,0,-1,0,0
20:73,-1,0,0,-1,0,-1,-1,-1,-1,-1,-1,-1,-1,-1,-1,-1,0,1,0,0,0,1,-1,0,-1,0,0
20:74,-1,1,0,-1,0,-1,-1,-1,-1,-1,-1,-1,-1,-1,-1,-1,0,0,0,0,1,0,-1,0,-1,0,0
20:75,-1,1,0,-1,0,-1,-1,-1,-1,-1,-1,-1,-1,-1,-1,-1,0,0,0,0,0,0,-1,0,-1,1,0
20:76,-1,1,0,-1,0,-1,-1,-1,-1,-1,-1,-1,-1,-1,-1,-1,1,1,0,0,1,1,-1,1,-1,0,0
20:77,-1,0,0,-1,0,-1,-1,-1,-1,-1,-1,-1,-1,-1,-1,-1,0,0,0,0,0,0,-1,0,-1,0,0
20:78,-1,0,0,-1,1,-1,-1,-1,-1,-1,-1,-1,-1,-1,-1,-1,0,0,0,0,0,1,-1,0,-1,0,0
